{
 "info": {
  "sberquad": "v1",
  "squadv2": "v1"
 },
 "hyperp": {
  "model_path": "/home/aisummer/nlp_models/model_llm/blobs/sha256-6a0746a1ec1aef3e7ec53868f220ff6e389f6f8ef87a01d77c96807de94ca2aa",
  "tech_params": {
   "model_path": "/home/aisummer/nlp_models/model_llm/blobs/sha256-6a0746a1ec1aef3e7ec53868f220ff6e389f6f8ef87a01d77c96807de94ca2aa",
   "n_gpu_layers": -1,
   "seed": 42,
   "n_ctx": 512,
   "n_batch": 512,
   "n_threads": null,
   "use_mmap": true,
   "use_mlock": true,
   "assistant_prompt": "\u0422\u0432\u043e\u044f \u0431\u0430\u0437\u0430 \u0437\u043d\u0430\u043d\u0438\u0439, \u0432\u0441\u0435 \u043e\u0442\u0432\u0435\u0442\u044b \u0433\u0435\u043d\u0435\u0440\u0438\u0440\u0443\u044e\u0442\u0441\u044f \u043d\u0430 \u043e\u0441\u043d\u043e\u0432\u0435 \u0442\u0435\u043a\u0441\u0442\u0430 \u043d\u0438\u0436\u0435:",
   "system_prompt": "\u0422\u044b \u0432\u043e\u043f\u0440\u043e\u0441\u043d\u043e-\u043e\u0442\u0432\u0435\u0442\u043d\u0430\u044f \u0441\u0438\u0441\u0442\u0435\u043c\u0430. \u0412\u0441\u0435 \u043e\u0442\u0432\u0435\u0442\u044b \u0433\u0435\u043d\u0435\u0440\u0438\u0440\u0443\u0435\u0448\u044c \u043d\u0430 \u0442\u043e\u043c \u044f\u0437\u044b\u043a\u0435 \u043d\u0430 \u043a\u043e\u0442\u043e\u0440\u043e\u043c \u0437\u0430\u0434\u0430\u043d \u0432\u043e\u043f\u0440\u043e\u0441. \u041e\u0442\u0432\u0435\u0447\u0430\u0439 \u043a\u043e\u0440\u043e\u0442\u043a\u043e \u043f\u043e \u0432\u043e\u043f\u0440\u043e\u0441\u0430\u043c."
  },
  "hyper_params": {
   "temperature": 0.8,
   "top_k": 40,
   "top_p": 0.95,
   "min_p": 0.05,
   "typical_p": 1,
   "stream": true,
   "max_tokens": 100
  },
  "benchmark_sizes": 5
 },
 "scores": {
  "sberquad": {
   "rouge": 0.1599999964237213,
   "bleu": 0.1630299985408783,
   "meteor": 0.73542,
   "exact_match": 0.0
  },
  "squadv2": {
   "rouge": 0.13245999813079834,
   "bleu": 0.00431999983265996,
   "meteor": 0.23382,
   "exact_match": 0.0
  }
 }
}